{"name":"2d052c2f-7fae-45ee-aca9-74a22ef18bb2","id":"/providers/Microsoft.Flow/flows/2d052c2f-7fae-45ee-aca9-74a22ef18bb2","type":"Microsoft.Flow/flows","properties":{"apiId":"/providers/Microsoft.PowerApps/apis/shared_logicflows","displayName":"When a project is published -> Update the Roadmap row item status","definition":{"metadata":{"workflowEntityId":null,"creator":{"id":"d8ad3753-ed20-4fab-bdf8-787d9928809c","type":"User","tenantId":"5d8165b7-7126-4cf9-97f1-ce4cb5cf7327"},"provisioningMethod":"FromDefinition","failureAlertSubscription":true,"clientLastModifiedTime":"2019-06-07T15:33:13.761604Z"},"$schema":"https://schema.management.azure.com/providers/Microsoft.Logic/schemas/2016-06-01/workflowdefinition.json#","contentVersion":"1.0.0.0","parameters":{"$connections":{"defaultValue":{},"type":"Object"},"$authentication":{"defaultValue":{},"type":"SecureObject"}},"triggers":{"When_a_project_is_published":{"recurrence":{"interval":1,"frequency":"Minute"},"splitOn":"@triggerBody()?['value']","metadata":{"flowSystemMetadata":{"swaggerOperationId":"OnProjectPublished"}},"type":"ApiConnection","inputs":{"host":{"connection":{"name":"@parameters('$connections')['shared_projectonline']['connectionId']"},"api":{"runtimeUrl":"https://uk-001.azure-apim.net/apim/projectonline"}},"method":"get","path":"/trigger/_api/ProjectData/PublishedProjects","queries":{"siteUrl":"https://m365x294512.sharepoint.com/sites/pwa"},"authentication":"@parameters('$authentication')"}}},"actions":{"GetTaskHealth":{"runAfter":{},"metadata":{"flowSystemMetadata":{"swaggerOperationId":"HttpRequest"}},"type":"ApiConnection","inputs":{"host":{"connection":{"name":"@parameters('$connections')['shared_sharepointonline']['connectionId']"},"api":{"runtimeUrl":"https://uk-001.azure-apim.net/apim/sharepointonline"}},"method":"post","body":{"method":"GET","uri":"/_api/ProjectData/Tasks()?$Filter=TaskIsProjectSummary eq false and RoadmapHealth ne null and ProjectId eq GUID'@{triggerBody()?['ProjectId']}'&$Select=TaskId,RoadmapHealth","headers":{"Accept":"application/json;odata=nometadata","Content-Type":"application/json;odata=nometadata"}},"path":"/datasets/@{encodeURIComponent(encodeURIComponent('https://m365x294512.sharepoint.com/sites/pwa'))}/httprequest","authentication":"@parameters('$authentication')"}},"Apply_to_each":{"foreach":"@body('GetTaskHealth')['value']","actions":{"Switch":{"runAfter":{},"cases":{"Case":{"case":"On Track","actions":{"Set_variable_-_On_Track":{"runAfter":{},"type":"SetVariable","inputs":{"name":"Health","value":0}}}},"Case_2":{"case":"Potential Problem","actions":{"Set_variable_-_Potential_Problem":{"runAfter":{},"type":"SetVariable","inputs":{"name":"Health","value":1}}}},"Case_3":{"case":"At Risk","actions":{"Set_variable_-_At_Risk":{"runAfter":{},"type":"SetVariable","inputs":{"name":"Health","value":2}}}},"Case_4":{"case":"Complete","actions":{"Set_variable_-_Complete":{"runAfter":{},"type":"SetVariable","inputs":{"name":"Health","value":10}}}}},"default":{"actions":{"Set_variable_-_Not_Set":{"runAfter":{},"type":"SetVariable","inputs":{"name":"Health","value":100}}}},"expression":"@items('Apply_to_each')['RoadmapHealth']","type":"Switch"},"List_records":{"runAfter":{"Switch":["Succeeded"]},"metadata":{"flowSystemMetadata":{"swaggerOperationId":"GetItems_V2"}},"type":"ApiConnection","inputs":{"host":{"connection":{"name":"@parameters('$connections')['shared_commondataservice']['connectionId']"},"api":{"runtimeUrl":"https://uk-001.azure-apim.net/apim/commondataservice"}},"method":"get","path":"/v2/datasets/@{encodeURIComponent(encodeURIComponent('orgcaedd251.crm11'))}/tables/@{encodeURIComponent(encodeURIComponent('msdyn_roadmapitemlinks'))}/items","queries":{"$filter":"msdyn_externalprojecttaskid eq @{items('Apply_to_each')['TaskId']}"},"authentication":"@parameters('$authentication')"}},"Apply_to_each_2":{"foreach":"@body('List_records')?['value']","actions":{"Update_a_record":{"runAfter":{},"metadata":{"flowSystemMetadata":{"swaggerOperationId":"PatchItem_V2"}},"type":"ApiConnection","inputs":{"host":{"connection":{"name":"@parameters('$connections')['shared_commondataservice']['connectionId']"},"api":{"runtimeUrl":"https://uk-001.azure-apim.net/apim/commondataservice"}},"method":"patch","body":{"msdyn_status":"@variables('Health')","_ownerid_type":""},"path":"/v2/datasets/@{encodeURIComponent(encodeURIComponent('orgcaedd251.crm11'))}/tables/@{encodeURIComponent(encodeURIComponent('msdyn_roadmapitems'))}/items/@{encodeURIComponent(encodeURIComponent(items('Apply_to_each_2')?['_msdyn_roadmapitemid_value']))}","authentication":"@parameters('$authentication')"}}},"runAfter":{"List_records":["Succeeded"]},"type":"Foreach"}},"runAfter":{"Health":["Succeeded"]},"type":"Foreach"},"Health":{"runAfter":{"GetTaskHealth":["Succeeded"]},"type":"InitializeVariable","inputs":{"variables":[{"name":"Health","type":"Integer"}]}}},"description":"Sync the Roadmap row item status with the Project Online Task status by Paul Mather:\nBlog: https://pwmather.wordpress.com/\nTwitter: https://twitter.com/pwmather"},"connectionReferences":{"shared_sharepointonline":{"connectionName":"shared-sharepointonl-c4ab8929-2fc5-489e-9fc2-dddc145bee2f","source":"Embedded","id":"/providers/Microsoft.PowerApps/apis/shared_sharepointonline","tier":"NotSpecified"},"shared_commondataservice":{"connectionName":"shared-commondataser-392be7fb-77f0-4813-958c-a54cc3ef762c","source":"Embedded","id":"/providers/Microsoft.PowerApps/apis/shared_commondataservice","tier":"NotSpecified"},"shared_projectonline":{"connectionName":"shared-projectonline-c5301cde-9955-4781-bcbe-c8dba411ddf9","source":"Embedded","id":"/providers/Microsoft.PowerApps/apis/shared_projectonline","tier":"NotSpecified"}},"flowFailureAlertSubscribed":false}}