﻿<?xml version="1.0" encoding="utf-8"?>
<Elements xmlns="http://schemas.microsoft.com/sharepoint/">
  <CustomAction
      Id="Ribbon.DemandManagement.BulkEditTool"
      Location="CommandUI.Ribbon"
      Title="Add ribbon controls for Bulk Edit Tool">
    <CommandUIExtension>
      <CommandUIDefinitions>

        <CommandUIDefinition Location="Ribbon.ContextualTabs.ProjectCenter.Home.Scaling._children">
          <MaxSize
            Id="Ribbon.ContextualTabs.ProjectCenter.Home.BulkEditTool.MaxSize2"
            GroupId="Ribbon.ContextualTabs.ProjectCenter.Home.BulkEditTool"
            Size="LargeLarge"
            Sequence="10"/>
        </CommandUIDefinition>
        <CommandUIDefinition Location="Ribbon.ContextualTabs.ProjectCenter.Home.Scaling._children">
          <Scale
            Id="Ribbon.ContextualTabs.ProjectCenter.Home.BulkEditTool.Popup2"
            GroupId="Ribbon.ContextualTabs.ProjectCenter.Home.BulkEditTool"
            Size="Popup"
            Sequence="20"/>
        </CommandUIDefinition>
        <CommandUIDefinition Location="Ribbon.ContextualTabs.ProjectCenter.Home.Groups._children">
          <Group
            Id="Ribbon.ContextualTabs.ProjectCenter.Home.BulkEditTool"
            Sequence="100"
            Title="$Resources:BulkEditTool,BULK_EDIT_PROJECTS_GROUP_TITLE"
            Template="Ribbon.Templates.Flexible2">
            <Controls Id="Ribbon.ContextualTabs.ProjectCenter.Home.BulkEditTool.Controls">
              <Button
                Id="Ribbon.ContextualTabs.ProjectCenter.Home.BulkEditTool.GoToBulkEditPage"
                Sequence="100"
                Command="BulkEditTool.GoToBulkEditPage"
                LabelText="$Resources:BulkEditTool,BULK_EDIT_PROJECTS_BUTTON_LABEL"
                Alt="$Resources:BulkEditTool,BULK_EDIT_PROJECTS_BUTTON_LABEL"
                Image16by16="/_layouts/$Resources:core,Language;/images/ps16x16.png?vk=4514"
                Image16by16Top="-80"
                Image16by16Left="-48"
                Image32by32="/_layouts/$Resources:core,Language;/images/ps32x32.png?vk=4514"
                Image32by32Top="-128"
                Image32by32Left="0"
                TemplateAlias="o1"
                ToolTipTitle="$Resources:BulkEditTool,BULK_EDIT_PROJECTS_BUTTON_TOOLTIP_TITLE"
                ToolTipDescription="$Resources:BulkEditTool,BULK_EDIT_PROJECTS_BUTTON_TOOLTIP_DESCRIPTION" />
            </Controls>
          </Group>
        </CommandUIDefinition>

        <CommandUIDefinition Location="Ribbon.Tabs._children">
          <Tab
            Id="Ribbon.Tabs.BulkEditTool.BulkEdit"
            Sequence="200"
            Title="$Resources:BulkEditTool,BULK_EDIT_TAB_TITLE"
            Description="$Resources:BulkEditTool,BULK_EDIT_TAB_DESCRIPTION">
            <Scaling Id="Ribbon.Tabs.BulkEditTool.BulkEdit.Scaling">
              <MaxSize
                Id="Ribbon.Tabs.BulkEditTool.BulkEdit.Edit.MaxSize"
                GroupId="Ribbon.Tabs.BulkEditTool.BulkEdit.Edit"
                Size="LargeLarge"
                Sequence="10" />
              <MaxSize
                Id="Ribbon.Tabs.BulkEditTool.BulkEdit.Navigate.MaxSize"
                GroupId="Ribbon.Tabs.BulkEditTool.BulkEdit.Navigate"
                Size="LargeLarge"
                Sequence="20" />
              <Scale
                Id="Ribbon.Tabs.BulkEditTool.BulkEdit.Edit.Popup"
                GroupId="Ribbon.Tabs.BulkEditTool.BulkEdit.Edit"
                Size="Popup"
                Sequence="30" />
              <Scale
                Id="Ribbon.Tabs.BulkEditTool.BulkEdit.Navigate.Popup"
                GroupId="Ribbon.Tabs.BulkEditTool.BulkEdit.Navigate"
                Size="Popup"
                Sequence="40" />
            </Scaling>
            <Groups Id="Ribbon.Tabs.BulkEditTool.BulkEdit.Groups">
              <Group
                Id="Ribbon.Tabs.BulkEditTool.BulkEdit.Edit"
                Sequence="10"
                Title="$Resources:BulkEditTool,EDIT_GROUP_TITLE"
                Template="Ribbon.Templates.Flexible2">
                <Controls Id="Ribbon.Tabs.BulkEditTool.BulkEdit.Edit.Controls">
                  <Button
                    Id="Ribbon.Tabs.BulkEditTool.BulkEdit.Edit.SelectFieldsFilters"
                    Sequence="10"
                    Command="BulkEditTool.SelectFieldsFilters"
                    LabelText="$Resources:BulkEditTool,SELECT_FIELDS_FILTERS_BUTTON_TITLE"
                    Alt="$Resources:BulkEditTool,SELECT_FIELDS_FILTERS_BUTTON_TITLE"
                    Image16by16="/_layouts/$Resources:core,Language;/images/ps16x16.png?vk=4514"
                    Image16by16Top="-16"
                    Image16by16Left="-96"
                    Image32by32="/_layouts/$Resources:core,Language;/images/ps32x32.png?vk=4514"
                    Image32by32Top="-320"
                    Image32by32Left="-320"
                    TemplateAlias="o1"
                    ToolTipTitle="$Resources:BulkEditTool,SELECT_FIELDS_FILTERS_BUTTON_TOOLTIP_TITLE"
                    ToolTipDescription="$Resources:BulkEditTool,SELECT_FIELDS_FILTERS_BUTTON_TOOLTIP_DESCRIPTION" />
                  <Button
                    Id="Ribbon.Tabs.BulkEditTool.BulkEdit.Edit.EditSelectedProjects"
                    Sequence="20"
                    Command="BulkEditTool.EditSelectedProjects"
                    LabelText="$Resources:BulkEditTool,EDIT_SELECTED_PROJECTS_BUTTON_TITLE"
                    Alt="$Resources:BulkEditTool,EDIT_SELECTED_PROJECTS_BUTTON_TITLE"
                    Image16by16="/_layouts/$Resources:core,Language;/images/ps16x16.png?vk=4514"
                    Image16by16Top="-64"
                    Image16by16Left="-27"
                    Image32by32="/_layouts/$Resources:core,Language;/images/ps32x32.png?vk=4514"
                    Image32by32Top="-96"
                    Image32by32Left="-128"
                    TemplateAlias="o1"
                    ToolTipTitle="$Resources:BulkEditTool,EDIT_SELECTED_PROJECTS_BUTTON_TOOLTIP_TITLE"
                    ToolTipDescription="$Resources:BulkEditTool,EDIT_SELECTED_PROJECTS_BUTTON_TOOLTIP_DESCRIPTION" />
                  <Button
                    Id="Ribbon.Tabs.BulkEditTool.BulkEdit.Edit.Save"
                    Sequence="30"
                    Command="BulkEditTool.Save"
                    LabelText="$Resources:BulkEditTool,SAVE_BUTTON_TITLE"
                    Alt="$Resources:BulkEditTool,SAVE_BUTTON_TITLE"
                    Image16by16="/_layouts/$Resources:core,Language;/images/ps16x16.png?vk=4514"
                    Image16by16Top="-32"
                    Image16by16Left="-128"
                    Image32by32="/_layouts/$Resources:core,Language;/images/ps32x32.png?vk=4514"
                    Image32by32Top="-224"
                    Image32by32Left="-128"
                    TemplateAlias="o1"
                    ToolTipTitle="$Resources:BulkEditTool,SAVE_BUTTON_TOOLTIP_TITLE"
                    ToolTipDescription="$Resources:BulkEditTool,SAVE_BUTTON_TOOLTIP_DESCRIPTION" />
                  <Button
                    Id="Ribbon.Tabs.BulkEditTool.BulkEdit.Edit.Cancel"
                    Sequence="40"
                    Command="BulkEditTool.Cancel"
                    LabelText="$Resources:BulkEditTool,CANCEL_BUTTON_TITLE"
                    Alt="$Resources:BulkEditTool,CANCEL_BUTTON_TITLE"
                    Image16by16="/_layouts/$Resources:core,Language;/images/ps16x16.png?vk=4514"
                    Image16by16Top="-64"
                    Image16by16Left="0"
                    Image32by32="/_layouts/$Resources:core,Language;/images/ps32x32.png?vk=4514"
                    Image32by32Top="0"
                    Image32by32Left="-96"
                    TemplateAlias="o1"
                    ToolTipTitle="$Resources:BulkEditTool,CANCEL_BUTTON_TOOLTIP_TITLE"
                    ToolTipDescription="$Resources:BulkEditTool,CANCEL_BUTTON_TOOLTIP_DESCRIPTION" />
                  <Button
                    Id="Ribbon.Tabs.BulkEditTool.BulkEdit.Edit.Refresh"
                    Sequence="50"
                    Command="BulkEditTool.Refresh"
                    LabelText="$Resources:BulkEditTool,REFRESH_BUTTON_TITLE"
                    Alt="$Resources:BulkEditTool,REFRESH_BUTTON_TITLE"
                    Image16by16="/_layouts/$Resources:core,Language;/images/ps16x16.png?vk=4514"
                    Image16by16Top="-160"
                    Image16by16Left="-48"
                    Image32by32="/_layouts/$Resources:core,Language;/images/ps32x32.png?vk=4514"
                    Image32by32Top="-128"
                    Image32by32Left="-288"
                    TemplateAlias="o1"
                    ToolTipTitle="$Resources:BulkEditTool,REFRESH_BUTTON_TOOLTIP_TITLE"
                    ToolTipDescription="$Resources:BulkEditTool,REFRESH_BUTTON_TOOLTIP_DESCRIPTION" />
                </Controls>
              </Group>
              <Group
                Id="Ribbon.Tabs.BulkEditTool.BulkEdit.Navigate"
                Sequence="20"
                Title="$Resources:BulkEditTool,NAVIGATE_GROUP_TITLE"
                Template="Ribbon.Templates.Flexible2">
                <Controls Id="Ribbon.Tabs.BulkEditTool.BulkEdit.Edit.Controls">
                  <Button
                    Id="Ribbon.Tabs.BulkEditTool.BulkEdit.Navigate.MyQueuedJobs"
                    Sequence="10"
                    Command="BulkEditTool.GoToMyQueuedJobs"
                    LabelText="$Resources:BulkEditTool,MY_QUEUED_JOBS_BUTTON_TITLE"
                    Alt="$Resources:BulkEditTool,MY_QUEUED_JOBS_BUTTON_TITLE"
                    Image16by16="/_layouts/$Resources:core,Language;/images/ps16x16.png?vk=4514"
                    Image16by16Top="0"
                    Image16by16Left="-144"
                    Image32by32="/_layouts/$Resources:core,Language;/images/ps32x32.png?vk=4514"
                    Image32by32Top="-256"
                    Image32by32Left="-64"
                    TemplateAlias="o1"
                    ToolTipTitle="$Resources:BulkEditTool,MY_QUEUED_JOBS_BUTTON_TOOLTIP_TITLE"
                    ToolTipDescription="$Resources:BulkEditTool,MY_QUEUED_JOBS_BUTTON_TOOLTIP_DESCRIPTION" />
                </Controls>
              </Group>
            </Groups>
          </Tab>
        </CommandUIDefinition>
      </CommandUIDefinitions>
      <CommandUIHandlers>
        <CommandUIHandler
          Command="BulkEditTool.GoToBulkEditPage"
          CommandAction="javascript:window.location.href='_layouts/BulkEditTool/BulkEdit.aspx';" />

        <CommandUIHandler
          Command="BulkEditTool.SelectFieldsFilters"
          CommandAction="javascript:GM.SelectFieldsFilters()"
          EnabledScript="javascript:GM!=null&amp;&amp;GM.IsSelectFieldsFiltersEnabled()" />
        <CommandUIHandler
          Command="BulkEditTool.EditSelectedProjects"
          CommandAction="javascript:GM.EditSelectedProjects()"
          EnabledScript="javascript:GM!=null&amp;&amp;GM.IsEditSelectedProjectsEnabled()" />
        
        <CommandUIHandler
          Command="BulkEditTool.Save"
          CommandAction="javascript:GM.SaveProjects()"
          EnabledScript="javascript:GM!=null&amp;&amp;GM.IsSaveProjectsEnabled()" />

        <CommandUIHandler
          Command="BulkEditTool.Cancel"
          CommandAction="javascript:GM.CancelEdit()"
          EnabledScript="javascript:GM!=null&amp;&amp;GM.IsCancelEnabled()" />

        <CommandUIHandler
          Command="BulkEditTool.Refresh"
          CommandAction="javascript:GM.Refresh()"
          EnabledScript="javascript:GM!=null&amp;&amp;GM.IsRefreshEnabled()" />

        <CommandUIHandler
          Command="BulkEditTool.GoToMyQueuedJobs"
          CommandAction="javascript:GM.GoToMyQueuedJobs()"
          EnabledScript="javascript:GM!=null" />
      </CommandUIHandlers>
    </CommandUIExtension>
  </CustomAction>
</Elements>