{"winprint32":[{"PrinterProperty":"Attributes","Value":"TRUE"},{"PrinterProperty":"Availability","Value":"TRUE"},{"PrinterProperty":"AvailableJobSheets","Value":"TRUE"},{"PrinterProperty":"AveragePagesPerMinute","Value":"TRUE"},{"PrinterProperty":"Capabilities","Value":"TRUE"},{"PrinterProperty":"CapabilityDescriptions","Value":"TRUE"},{"PrinterProperty":"Caption","Value":"TRUE"},{"PrinterProperty":"CharSetsSupported","Value":"TRUE"},{"PrinterProperty":"Comment","Value":"TRUE"},{"PrinterProperty":"ConfigManagerErrorCode","Value":"TRUE"},{"PrinterProperty":"ConfigManagerUserConfig","Value":"TRUE"},{"PrinterProperty":"CreationClassName","Value":"TRUE"},{"PrinterProperty":"CurrentCapabilities","Value":"TRUE"},{"PrinterProperty":"CurrentCharSet","Value":"TRUE"},{"PrinterProperty":"CurrentLanguage","Value":"TRUE"},{"PrinterProperty":"CurrentMimeType","Value":"TRUE"},{"PrinterProperty":"CurrentNaturalLanguage","Value":"TRUE"},{"PrinterProperty":"CurrentPaperType","Value":"TRUE"},{"PrinterProperty":"Default","Value":"TRUE"},{"PrinterProperty":"DefaultCapabilities","Value":"TRUE"},{"PrinterProperty":"DefaultCopies","Value":"TRUE"},{"PrinterProperty":"DefaultLanguage","Value":"TRUE"},{"PrinterProperty":"DefaultMimeType","Value":"TRUE"},{"PrinterProperty":"DefaultNumberUp","Value":"TRUE"},{"PrinterProperty":"DefaultPaperType","Value":"TRUE"},{"PrinterProperty":"DefaultPriority","Value":"TRUE"},{"PrinterProperty":"Description","Value":"TRUE"},{"PrinterProperty":"DetectedErrorState","Value":"TRUE"},{"PrinterProperty":"DeviceID","Value":"TRUE"},{"PrinterProperty":"Direct","Value":"TRUE"},{"PrinterProperty":"DoCompleteFirst","Value":"TRUE"},{"PrinterProperty":"DriverName","Value":"TRUE"},{"PrinterProperty":"EnableBIDI","Value":"TRUE"},{"PrinterProperty":"EnableDevQueryPrint","Value":"TRUE"},{"PrinterProperty":"ErrorCleared","Value":"TRUE"},{"PrinterProperty":"ErrorDescription","Value":"TRUE"},{"PrinterProperty":"ErrorInformation","Value":"TRUE"},{"PrinterProperty":"ExtendedDetectedErrorState","Value":"TRUE"},{"PrinterProperty":"ExtendedPrinterStatus","Value":"TRUE"},{"PrinterProperty":"Hidden","Value":"TRUE"},{"PrinterProperty":"HorizontalResolution","Value":"TRUE"},{"PrinterProperty":"InstallDate","Value":"TRUE"},{"PrinterProperty":"JobCountSinceLastReset","Value":"TRUE"},{"PrinterProperty":"KeepPrintedJobs","Value":"TRUE"},{"PrinterProperty":"LanguagesSupported","Value":"TRUE"},{"PrinterProperty":"LastErrorCode","Value":"TRUE"},{"PrinterProperty":"Local","Value":"TRUE"},{"PrinterProperty":"Location","Value":"TRUE"},{"PrinterProperty":"MarkingTechnology","Value":"TRUE"},{"PrinterProperty":"MaxCopies","Value":"TRUE"},{"PrinterProperty":"MaxNumberUp","Value":"TRUE"},{"PrinterProperty":"MaxSizeSupported","Value":"TRUE"},{"PrinterProperty":"MimeTypesSupported","Value":"TRUE"},{"PrinterProperty":"Name","Value":"TRUE"},{"PrinterProperty":"NaturalLanguagesSupported","Value":"TRUE"},{"PrinterProperty":"Network","Value":"TRUE"},{"PrinterProperty":"PaperSizesSupported","Value":"TRUE"},{"PrinterProperty":"PaperTypesAvailable","Value":"TRUE"},{"PrinterProperty":"Parameters","Value":"TRUE"},{"PrinterProperty":"PNPDeviceID","Value":"TRUE"},{"PrinterProperty":"PortName","Value":"TRUE"},{"PrinterProperty":"PowerManagementCapabilities","Value":"TRUE"},{"PrinterProperty":"PowerManagementSupported","Value":"TRUE"},{"PrinterProperty":"PrinterPaperNames","Value":"TRUE"},{"PrinterProperty":"PrinterState","Value":"TRUE"},{"PrinterProperty":"PrinterStatus","Value":"TRUE"},{"PrinterProperty":"PrintJobDataType","Value":"TRUE"},{"PrinterProperty":"PrintProcessor","Value":"TRUE"},{"PrinterProperty":"Priority","Value":"TRUE"},{"PrinterProperty":"Published","Value":"TRUE"},{"PrinterProperty":"Queued","Value":"TRUE"},{"PrinterProperty":"RawOnly","Value":"TRUE"},{"PrinterProperty":"SeparatorFile","Value":"TRUE"},{"PrinterProperty":"ServerName","Value":"TRUE"},{"PrinterProperty":"Shared","Value":"TRUE"},{"PrinterProperty":"ShareName","Value":"TRUE"},{"PrinterProperty":"SpoolEnabled","Value":"TRUE"},{"PrinterProperty":"StartTime","Value":"TRUE"},{"PrinterProperty":"Status","Value":"TRUE"},{"PrinterProperty":"StatusInfo","Value":"TRUE"},{"PrinterProperty":"SystemCreationClassName","Value":"TRUE"},{"PrinterProperty":"SystemName","Value":"TRUE"},{"PrinterProperty":"TimeOfLastReset","Value":"TRUE"},{"PrinterProperty":"UntilTime","Value":"TRUE"},{"PrinterProperty":"VerticalResolution","Value":"TRUE"},{"PrinterProperty":"WorkOffline","Value":"TRUE"}]}
